,name,homepage,resource,description,projectrank,show,category,github_id,pypi_id,labels,dependent_project_count,github_dependent_project_count,contributor_count,pypi_url,pypi_monthly_downloads,monthly_downloads,projectrank_placing,trending
0,zipapp — Manage executable Python zip archives,https://docs.python.org/3/library/zipapp.html,True,,0,True,others,,,,,,,,,,,
1,Why it's so hard to redistribute standalone Python apps,https://www.youtube.com/watch?v=3BfGAYfKZIg,True,,0,True,others,,,,,,,,,,,
2,How to use the Python embeddable redistribution to make standalone apps,https://www.youtube.com/watch?v=xiwdz2LAtGc,True,,0,True,others,,,,,,,,,,,
3,How do I ship a Python application to end users?,https://pydevtools.com/handbook/explanation/how-do-i-ship-a-python-application-to-end-users/,True,,0,True,others,,,,,,,,,,,
4,conda-pack,{},,,12,False,miscellaneous,conda/conda-pack,conda-pack,['written-in-python'],3882.0,3882.0,42.0,https://pypi.org/project/conda-pack,150324.0,150324.0,1.0,
5,py2app,{},,,11,False,freezers,ronaldoussoren/py2app,py2app,['written-in-python'],5594.0,5594.0,31.0,https://pypi.org/project/py2app,48796.0,48796.0,1.0,
6,auto-py-to-exe,{},,,11,False,freezers,brentvollebregt/auto-py-to-exe,auto-py-to-exe,['written-in-python'],6531.0,6531.0,41.0,https://pypi.org/project/auto-py-to-exe,53954.0,53954.0,1.0,-1.0
7,dmgbuild,{},,,11,False,miscellaneous,dmgbuild/dmgbuild,dmgbuild,['written-in-python'],1064.0,1064.0,28.0,https://pypi.org/project/dmgbuild,136367.0,136367.0,2.0,
8,pyinstaller,{},,,10,False,freezers,pyinstaller/pyinstaller,,['written-in-c'],90955.0,90955.0,499.0,,,,1.0,
9,pynsist,{},,,9,False,freezers,takluyver/pynsist,pynsist,['written-in-python'],259.0,259.0,32.0,https://pypi.org/project/pynsist,9396.0,9396.0,2.0,
10,nuitka,{},,,8,False,compilers,Nuitka/Nuitka,,"['written-in-c', 'written-in-python']",4028.0,4028.0,212.0,,,,1.0,
11,briefcase,{},,,7,False,freezers,beeware/briefcase,,['written-in-python'],883.0,883.0,225.0,,,,2.0,
12,staticx,{},,,7,False,freezers,JonathonReinhart/staticx,staticx,"['written-in-c', 'written-in-python']",172.0,172.0,6.0,https://pypi.org/project/staticx,30782.0,30782.0,2.0,
13,RustPython,{},,,7,False,freezers,RustPython/RustPython,,['written-in-rust'],896.0,896.0,530.0,,,,2.0,
14,py2exe,{},,,6,False,freezers,py2exe/py2exe,,"['written-in-c', 'written-in-python']",2252.0,2252.0,25.0,,,,2.0,
15,stickytape,{},,,6,False,miscellaneous,mwilliamson/stickytape,stickytape,['written-in-python'],66.0,66.0,4.0,https://pypi.org/project/stickytape,3194.0,3194.0,2.0,
16,constructor,{},,,5,False,freezers,conda/constructor,constructor,['written-in-python'],28.0,28.0,81.0,https://pypi.org/project/constructor,191.0,191.0,2.0,
17,fbs,{},,,5,False,freezers,mherrmann/fbs,fbs,['written-in-python'],928.0,928.0,14.0,https://pypi.org/project/fbs,,,2.0,-2.0
18,PyOxidizer,{},,,4,False,freezers,indygreg/PyOxidizer,,['written-in-rust'],159.0,159.0,54.0,,,,3.0,
19,XAR,{},,,4,False,miscellaneous,facebookincubator/xar,xar,['written-in-python'],,,44.0,https://pypi.org/project/xar,5124.0,5124.0,2.0,
20,py2wasm,{},,,4,False,compilers,wasmerio/py2wasm,py2wasm,['written-in-python'],,,170.0,https://pypi.org/project/py2wasm,278.0,278.0,2.0,
21,bbfreeze,{},,,4,False,freezers,schmir/bbfreeze,bbfreeze,['written-in-python'],31.0,31.0,15.0,https://pypi.org/project/bbfreeze,299.0,299.0,3.0,
22,py2many,{},,,4,False,compilers,py2many/py2many,py2many,['written-in-python'],36.0,36.0,20.0,https://pypi.org/project/py2many,646.0,646.0,2.0,
23,pyapp,{},,,3,False,launchers,ofek/pyapp,,['written-in-rust'],63.0,63.0,14.0,,,,1.0,
24,python-appimage,{},,,3,False,freezers,niess/python-appimage,python-appimage,['written-in-python'],,,11.0,https://pypi.org/project/python-appimage,2637.0,2637.0,3.0,
25,pyship,{},,,3,False,freezers,jamesabel/pyship,pyship,['written-in-python'],13.0,13.0,2.0,https://pypi.org/project/pyship,159.0,159.0,3.0,1.0
26,macOS-Pkg-Builder,{},,,3,False,miscellaneous,ripeda/macOS-Pkg-Builder,macos-pkg-builder,['written-in-python'],,,,https://pypi.org/project/macos-pkg-builder,4526.0,4526.0,3.0,
27,make-deb,{},,,3,False,miscellaneous,nylas/make-deb,make-deb,['written-in-python'],27.0,27.0,4.0,https://pypi.org/project/make-deb,23.0,23.0,3.0,
28,PyTauri,{},,,2,False,freezers,pytauri/pytauri,pytauri,"['written-in-rust', 'written-in-python']",15.0,15.0,5.0,https://pypi.org/project/pytauri,,,3.0,-3.0
29,portable-python,{},,,2,False,miscellaneous,bjia56/portable-python,,['written-in-python'],13.0,13.0,4.0,,,,3.0,
30,zipapps,{},,,2,False,zipapps,ClericPy/zipapps,zipapps,['written-in-python'],,,2.0,https://pypi.org/project/zipapps,3163.0,3163.0,1.0,
31,pyempaq,{},,,2,False,zipapps,facundobatista/pyempaq,pyempaq,['written-in-python'],6.0,6.0,5.0,https://pypi.org/project/pyempaq,50.0,50.0,1.0,
32,pyqtdeploy,{},,,2,False,freezers,Python-PyQt/pyqtdeploy,pyqtdeploy,['written-in-python'],,,,https://pypi.org/project/pyqtdeploy,257.0,257.0,3.0,
33,pyfuze,{},,,2,False,freezers,TanixLu/pyfuze,pyfuze,"['written-in-python', 'written-in-c']",2.0,2.0,,https://pypi.org/project/pyfuze,376.0,376.0,3.0,
34,pymakeself,{},,,2,False,miscellaneous,gammazero/pymakeself,pymakeself,['written-in-python'],7.0,7.0,3.0,https://pypi.org/project/pymakeself,106.0,106.0,3.0,
35,pyportable-installer,{},,,2,False,freezers,likianta/pyportable-installer,pyportable-installer,['written-in-python'],4.0,4.0,,https://pypi.org/project/pyportable-installer,52.0,52.0,3.0,
36,shiv,{},,,1,False,zipapps,linkedin/shiv,,['written-in-python'],,,45.0,,,,3.0,
37,pex,{},,,1,False,zipapps,pex-tool/pex,,['written-in-python'],,,127.0,,,,3.0,
38,cx_Freeze,{},,,1,False,freezers,marcelotduarte/cx_Freeze,,['written-in-python'],,,126.0,,,,3.0,
39,PyCrucible,{},,,1,False,launchers,razorblade23/PyCrucible,,['written-in-rust'],3.0,3.0,5.0,,,,3.0,
40,python-build-standalone,{},,,1,False,miscellaneous,astral-sh/python-build-standalone,,"['written-in-python', 'written-in-rust']",1.0,1.0,61.0,,,,3.0,
41,py2static,{},,,1,False,freezers,joaompinto/py2static,py2static,['written-in-python'],,,,https://pypi.org/project/py2static,36.0,36.0,3.0,
42,cosmofy,{},,,1,False,freezers,metaist/cosmofy,cosmofy,['written-in-python'],2.0,2.0,,https://pypi.org/project/cosmofy,34.0,34.0,3.0,
43,py-app-standalone,{},,,1,False,freezers,jlevy/py-app-standalone,py-app-standalone,['written-in-python'],,,,https://pypi.org/project/py-app-standalone,62.0,62.0,3.0,
44,WinPython,{},,,1,False,miscellaneous,winpython/winpython,,['written-in-python'],,,26.0,,,,3.0,
45,Codon,{},,,1,False,compilers,exaloop/codon,,['written-in-cpp'],,,22.0,,,,3.0,
46,Shed Skin,{},,,1,False,compilers,shedskin/shedskin,,['written-in-python'],,,28.0,,,,3.0,
47,python-embedded-launcher,{},,,1,False,freezers,zsquareplusc/python-embedded-launcher,,"['written-in-c', 'written-in-python']",13.0,13.0,2.0,,,,3.0,
48,PyStand,{},,,0,False,freezers,skywind3000/PyStand,,['written-in-cpp'],,,5.0,,,,,
49,uvbox,{},,,0,False,launchers,AmadeusITGroup/uvbox,,['written-in-go'],,,3.0,,,,,
50,exxo,{},,,0,False,freezers,mbachry/exxo,,['written-in-python'],,,3.0,,,,,
51,pinliner,{},,,0,False,miscellaneous,Akrog/pinliner,pinliner,['written-in-python'],6.0,6.0,2.0,https://pypi.org/project/pinliner,,,,-1.0
52,relocatable-python,{},,,0,False,miscellaneous,gregneagle/relocatable-python,,['written-in-python'],,,9.0,,,,,
53,msicreator,{},,,0,False,miscellaneous,jpakkane/msicreator,,['written-in-python'],,,5.0,,,,,
54,Platypus,{},,,0,False,miscellaneous,sveinbjornt/Platypus,,,,,15.0,,,,,
55,packaged,{},,,-1,False,freezers,tusharsadhwani/packaged,,['written-in-python'],,,2.0,,,,3.0,
